song_id,song_name,album_id,duration_seconds
1,Mind Song,20,279
2,Despite Song,24,199
3,Require Song,3,239
4,Side Song,25,187
5,Community Song,8,245
6,Treat Song,26,223
7,Become Song,14,128
8,Image Song,17,239
9,Arrive Song,13,276
10,Pretty Song,28,249
11,Size Song,6,141
12,Someone Song,30,194
13,Finish Song,13,272
14,Class Song,30,134
15,Summer Song,20,316
16,Wall Song,18,297
17,Address Song,26,266
18,Future Song,4,165
19,Media Song,3,160
20,Little Song,2,212
21,Least Song,14,282
22,Artist Song,29,132
23,Also Song,21,262
24,Single Song,23,160
25,Congress Song,4,277
26,Beautiful Song,11,317
27,But Song,7,245
28,Simple Song,2,150
29,Order Song,6,291
30,Drop Song,14,269
31,Know Song,8,267
32,Get Song,8,283
33,Join Song,14,122
34,Bar Song,4,199
35,Security Song,14,149
36,My Song,11,249
37,Mother Song,18,195
38,Challenge Song,6,246
39,Seat Song,20,185
40,What Song,9,307
41,Final Song,15,247
42,Case Song,30,122
43,Cover Song,8,313
44,Region Song,29,195
45,Go Song,13,310
46,Ask Song,29,133
47,View Song,27,137
48,Address Song,28,295
49,Idea Song,17,263
50,Reality Song,17,205
51,Artist Song,13,258
52,Fine Song,12,162
53,Front Song,21,250
54,Chance Song,29,140
55,Born Song,21,154
56,Water Song,24,136
57,Voice Song,24,297
58,Evening Song,26,320
59,Describe Song,19,131
60,Board Song,1,307
61,Behind Song,6,221
62,May Song,10,158
63,Approach Song,10,156
64,Sea Song,26,269
65,Now Song,18,162
66,Ground Song,21,216
67,Five Song,14,239
68,Program Song,25,276
69,Left Song,28,214
70,Whole Song,10,316
71,Dinner Song,1,146
72,Reason Song,25,295
73,Something Song,25,298
74,Person Song,8,141
75,Finally Song,20,216
76,President Song,28,308
77,Some Song,20,260
78,Size Song,14,208
79,Reflect Song,15,143
80,Almost Song,30,188
81,Such Song,23,261
82,Structure Song,5,246
83,Woman Song,23,271
84,You Song,17,146
85,Since Song,4,318
86,Them Song,30,306
87,Official Song,4,236
88,Campaign Song,11,172
89,Day Song,9,278
90,Tell Song,10,271
91,Year Song,8,192
92,Nature Song,24,317
93,Late Song,12,201
94,Do Song,1,238
95,Discuss Song,14,241
96,For Song,24,302
97,According Song,17,253
98,Loss Song,14,125
99,Enter Song,22,246
100,Way Song,6,176
101,Career Song,8,260
102,Military Song,23,241
103,War Song,17,158
104,Key Song,16,302
105,Base Song,21,164
106,Have Song,9,164
107,Hot Song,10,157
108,Federal Song,26,156
109,Author Song,12,173
110,Cut Song,30,183
111,We Song,16,301
112,Change Song,27,255
113,Young Song,19,311
114,Bad Song,4,217
115,This Song,13,219
116,Carry Song,6,308
117,Give Song,6,206
118,Gas Song,26,253
119,Medical Song,26,249
120,Relate Song,24,179
